{"count":1,"self":27152.9476096,"total":39853.1538279,"children":{"InitializeActuators":{"count":1,"self":0.0009766,"total":0.0009766,"children":null},"InitializeSensors":{"count":1,"self":0.00099739999999999985,"total":0.00099739999999999985,"children":null},"AgentSendState":{"count":24808352,"self":63.021907199999994,"total":128.0885255,"children":{"CollectObservations":{"count":2480836,"self":7.4868448,"total":7.4868451999999994,"children":null},"WriteActionMask":{"count":2480836,"self":2.5911884,"total":2.5911885,"children":null},"RequestDecision":{"count":2480836,"self":13.5149888,"total":54.988585099999995,"children":{"AgentInfo.ToProto":{"count":2480836,"self":15.864536,"total":41.4735964,"children":{"GenerateSensorData":{"count":2480836,"self":25.609060799999998,"total":25.6090604,"children":null}}}}}}},"DecideAction":{"count":24808352,"self":11773.2171776,"total":11773.217101299999,"children":null},"AgentAct":{"count":24808352,"self":797.35004159999994,"total":798.89836189999994,"children":{"AgentInfo.ToProto":{"count":102733,"self":0.6496799,"total":1.5483394,"children":{"GenerateSensorData":{"count":102733,"self":0.89865949999999994,"total":0.89865949999999994,"children":null}}}}}},"gauges":{"MachineLearningAgent.CumulativeReward":{"count":102733,"max":1.995,"min":-23.9202118,"runningAverage":-3.36405087,"value":-3.44999838,"weightedAverage":-2.95543528}},"metadata":{"timer_format_version":"0.1.0","start_time_seconds":"1672178888","unity_version":"2021.3.4f1","command_line_arguments":"C:\\Program Files\\Unity\\Hub\\Editor\\2021.3.4f1\\Editor\\Unity.exe -openfile C:\\Users\\david\\OneDrive\\Escritorio\\UNI\\A3\\S5\\AI\\AI-Project_GinuhGames\\AI-Project_GinuhGames\\Assets\\Scenes\\NPC_Park.unity","communication_protocol_version":"1.5.0","com.unity.ml-agents_version":"2.2.1-exp.1","scene_name":"NPC_Park","end_time_seconds":"1672218741"}}