{"count":1,"self":2601.730048,"total":5571.5724855,"children":{"InitializeActuators":{"count":1,"self":0.0019989,"total":0.0019989,"children":null},"InitializeSensors":{"count":1,"self":0.0019909999999999997,"total":0.0019909999999999997,"children":null},"AgentSendState":{"count":1567051,"self":8.0525416,"total":15.5307876,"children":{"CollectObservations":{"count":156706,"self":1.0118977999999998,"total":1.0118977999999998,"children":null},"WriteActionMask":{"count":156706,"self":0.39364109999999997,"total":0.39364109999999997,"children":null},"RequestDecision":{"count":156706,"self":1.5589891999999999,"total":6.0727068,"children":{"AgentInfo.ToProto":{"count":156706,"self":1.7756378,"total":4.5137176,"children":{"GenerateSensorData":{"count":156706,"self":2.7380798,"total":2.7380798,"children":null}}}}}}},"DecideAction":{"count":1567051,"self":2803.9530495999998,"total":2803.9530603,"children":null},"AgentAct":{"count":1567051,"self":148.728448,"total":150.35062589999998,"children":{"AgentInfo.ToProto":{"count":55198,"self":0.69386359999999991,"total":1.6221820999999998,"children":{"GenerateSensorData":{"count":55198,"self":0.92831849999999994,"total":0.92831849999999994,"children":null}}}}}},"gauges":{"MachineLearningAgent.CumulativeReward":{"count":55198,"max":1.995,"min":-1.045,"runningAverage":-0.194129944,"value":-0.01999998,"weightedAverage":-0.38638556}},"metadata":{"timer_format_version":"0.1.0","start_time_seconds":"1673343658","unity_version":"2021.3.4f1","command_line_arguments":"C:\\Program Files\\Unity\\Hub\\Editor\\2021.3.4f1\\Editor\\Unity.exe -projectpath C:\\Users\\davidbo5\\Desktop\\AI\\AI-Project_GinuhGames -useHub -hubIPC -cloudEnvironment production -licensingIpc LicenseClient-davidbo5 -hubSessionId 80c3ca40-90c7-11ed-9e41-315e91c2881d","communication_protocol_version":"1.5.0","com.unity.ml-agents_version":"2.2.1-exp.1","scene_name":"NPC_Park","end_time_seconds":"1673349229"}}