{"count":1,"self":2659.9507968,"total":4710.8096307999995,"children":{"InitializeActuators":{"count":1,"self":0.0019952,"total":0.0019952,"children":null},"InitializeSensors":{"count":1,"self":0.0009975,"total":0.0009975,"children":null},"AgentSendState":{"count":1720601,"self":6.7231144,"total":13.4535061,"children":{"CollectObservations":{"count":172061,"self":0.9432427,"total":0.9432427,"children":null},"WriteActionMask":{"count":172061,"self":0.33774329999999997,"total":0.33774329999999997,"children":null},"RequestDecision":{"count":172061,"self":1.3118349999999999,"total":5.4494058999999995,"children":{"AgentInfo.ToProto":{"count":172061,"self":1.6289277,"total":4.1375709,"children":{"GenerateSensorData":{"count":172061,"self":2.5086432,"total":2.5086432,"children":null}}}}}}},"DecideAction":{"count":1720601,"self":1921.5265792,"total":1921.5265241,"children":null},"AgentAct":{"count":1720601,"self":114.4801408,"total":115.874844,"children":{"AgentInfo.ToProto":{"count":60520,"self":0.56748179999999993,"total":1.3946988999999999,"children":{"GenerateSensorData":{"count":60520,"self":0.82721709999999993,"total":0.82721709999999993,"children":null}}}}}},"gauges":{"MachineLearningAgent.CumulativeReward":{"count":60520,"max":1.995,"min":-1.045,"runningAverage":-0.196851224,"value":1.995,"weightedAverage":0.231521934}},"metadata":{"timer_format_version":"0.1.0","start_time_seconds":"1673336146","unity_version":"2021.3.4f1","command_line_arguments":"C:\\Program Files\\Unity\\Hub\\Editor\\2021.3.4f1\\Editor\\Unity.exe -openfile C:\\Users\\davidbo5\\Desktop\\AI-Project_GinuhGames\\AI-Project_GinuhGames\\Assets\\Scenes\\NPC_Park.unity","communication_protocol_version":"1.5.0","com.unity.ml-agents_version":"2.2.1-exp.1","scene_name":"NPC_Park","end_time_seconds":"1673340856"}}