{
    "name": "root",
    "gauges": {
        "MachineLearningAgent.Policy.Entropy.mean": {
            "value": 2.4026463506743312e-05,
            "min": 2.4026463506743312e-05,
            "max": 0.2921631634235382,
            "count": 8
        },
        "MachineLearningAgent.Policy.Entropy.sum": {
            "value": 0.24024060368537903,
            "min": 0.24024060368537903,
            "max": 2921.923828125,
            "count": 8
        },
        "MachineLearningAgent.Environment.EpisodeLength.mean": {
            "value": 2.0,
            "min": 1.6795284030010718,
            "max": 2.825937260902831,
            "count": 8
        },
        "MachineLearningAgent.Environment.EpisodeLength.sum": {
            "value": 6666.0,
            "min": 6268.0,
            "max": 7387.0,
            "count": 8
        },
        "MachineLearningAgent.Step.mean": {
            "value": 79997.0,
            "min": 9998.0,
            "max": 79997.0,
            "count": 8
        },
        "MachineLearningAgent.Step.sum": {
            "value": 79997.0,
            "min": 9998.0,
            "max": 79997.0,
            "count": 8
        },
        "MachineLearningAgent.Policy.ExtrinsicValueEstimate.mean": {
            "value": -0.9899387359619141,
            "min": -0.9899387359619141,
            "max": -0.498798131942749,
            "count": 8
        },
        "MachineLearningAgent.Policy.ExtrinsicValueEstimate.sum": {
            "value": -3299.4658203125,
            "min": -3299.4658203125,
            "max": -1497.3919677734375,
            "count": 8
        },
        "MachineLearningAgent.Environment.CumulativeReward.mean": {
            "value": -1.0,
            "min": -1.0,
            "max": -0.5068104592146355,
            "count": 8
        },
        "MachineLearningAgent.Environment.CumulativeReward.sum": {
            "value": -3333.0,
            "min": -3333.0,
            "max": -1521.444998562336,
            "count": 8
        },
        "MachineLearningAgent.Policy.ExtrinsicReward.mean": {
            "value": -1.0,
            "min": -1.0,
            "max": -0.5068104592146355,
            "count": 8
        },
        "MachineLearningAgent.Policy.ExtrinsicReward.sum": {
            "value": -3333.0,
            "min": -3333.0,
            "max": -1521.444998562336,
            "count": 8
        },
        "MachineLearningAgent.Losses.PolicyLoss.mean": {
            "value": 0.2424580812775653,
            "min": 0.24026063921467655,
            "max": 0.25073064378326787,
            "count": 8
        },
        "MachineLearningAgent.Losses.PolicyLoss.sum": {
            "value": 23.7608919652014,
            "min": 23.531575319697463,
            "max": 24.37552291728983,
            "count": 8
        },
        "MachineLearningAgent.Losses.ValueLoss.mean": {
            "value": 3.474755290185783e-06,
            "min": 3.474755290185783e-06,
            "max": 0.6737755110957746,
            "count": 8
        },
        "MachineLearningAgent.Losses.ValueLoss.sum": {
            "value": 0.00034052601843820676,
            "min": 0.00034052601843820676,
            "max": 65.35622457629013,
            "count": 8
        },
        "MachineLearningAgent.Policy.LearningRate.mean": {
            "value": 0.0002549826150058,
            "min": 0.0002549826150058,
            "max": 0.0002969665989492783,
            "count": 8
        },
        "MachineLearningAgent.Policy.LearningRate.sum": {
            "value": 0.024988296270568398,
            "min": 0.024988296270568398,
            "max": 0.02880576009808,
            "count": 8
        },
        "MachineLearningAgent.Policy.Epsilon.mean": {
            "value": 0.18499420000000003,
            "min": 0.18499420000000003,
            "max": 0.19898886597938148,
            "count": 8
        },
        "MachineLearningAgent.Policy.Epsilon.sum": {
            "value": 18.129431600000004,
            "min": 18.129431600000004,
            "max": 19.3050386,
            "count": 8
        },
        "MachineLearningAgent.Policy.Beta.mean": {
            "value": 0.0005000000000000002,
            "min": 0.0005000000000000001,
            "max": 0.0005000000000000002,
            "count": 8
        },
        "MachineLearningAgent.Policy.Beta.sum": {
            "value": 0.04900000000000002,
            "min": 0.048500000000000015,
            "max": 0.04900000000000002,
            "count": 8
        },
        "MachineLearningAgent.IsTraining.mean": {
            "value": 1.0,
            "min": 1.0,
            "max": 1.0,
            "count": 8
        },
        "MachineLearningAgent.IsTraining.sum": {
            "value": 1.0,
            "min": 1.0,
            "max": 1.0,
            "count": 8
        }
    },
    "metadata": {
        "timer_format_version": "0.1.0",
        "start_time_seconds": "1673260444",
        "python_version": "3.6.6 (v3.6.6:4cf1f54eb7, Jun 27 2018, 03:37:03) [MSC v.1900 64 bit (AMD64)]",
        "command_line_arguments": "C:\\Python36\\scripts\\mlagents-learn config/machinelearningagent_simple_config.yaml --run-id=MachineLearningAgentSimple --force",
        "mlagents_version": "0.28.0",
        "mlagents_envs_version": "0.28.0",
        "communication_protocol_version": "1.5.0",
        "pytorch_version": "1.10.2+cpu",
        "numpy_version": "1.19.5",
        "end_time_seconds": "1673262421"
    },
    "total": 1976.8657409,
    "count": 1,
    "self": 0.007705199999918477,
    "children": {
        "run_training.setup": {
            "total": 0.0881142,
            "count": 1,
            "self": 0.0881142
        },
        "TrainerController.start_learning": {
            "total": 1976.7699215,
            "count": 1,
            "self": 3.749221699971713,
            "children": {
                "TrainerController._reset_env": {
                    "total": 7.3793432999999995,
                    "count": 1,
                    "self": 7.3793432999999995
                },
                "TrainerController.advance": {
                    "total": 1965.3581121000284,
                    "count": 106463,
                    "self": 3.643682299989223,
                    "children": {
                        "env_step": {
                            "total": 1574.1825286000615,
                            "count": 106463,
                            "self": 1435.5248804000348,
                            "children": {
                                "SubprocessEnvManager._take_step": {
                                    "total": 136.4475021000203,
                                    "count": 106463,
                                    "self": 6.746313600053014,
                                    "children": {
                                        "TorchPolicy.evaluate": {
                                            "total": 129.7011884999673,
                                            "count": 88694,
                                            "self": 34.870715299989044,
                                            "children": {
                                                "TorchPolicy.sample_actions": {
                                                    "total": 94.83047319997824,
                                                    "count": 88694,
                                                    "self": 94.83047319997824
                                                }
                                            }
                                        }
                                    }
                                },
                                "workers": {
                                    "total": 2.2101461000063116,
                                    "count": 106462,
                                    "self": 0.0,