{
    "name": "root",
    "gauges": {
        "MachineLearningAgent.Policy.Entropy.mean": {
            "value": -1.1820533529771637e-07,
            "min": -1.1829612134306444e-07,
            "max": 2.1839132386958227e-06,
            "count": 17
        },
        "MachineLearningAgent.Policy.Entropy.sum": {
            "value": -0.001181816915050149,
            "min": -0.00118319783359766,
            "max": 0.021841317415237427,
            "count": 17
        },
        "MachineLearningAgent.Environment.EpisodeLength.mean": {
            "value": 1.8451906659077975,
            "min": 1.836595744680851,
            "max": 1.8549814444761632,
            "count": 17
        },
        "MachineLearningAgent.Environment.EpisodeLength.sum": {
            "value": 6484.0,
            "min": 4397.0,
            "max": 6498.0,
            "count": 17
        },
        "MachineLearningAgent.Step.mean": {
            "value": 259997.0,
            "min": 99998.0,
            "max": 259997.0,
            "count": 17
        },
        "MachineLearningAgent.Step.sum": {
            "value": 259997.0,
            "min": 99998.0,
            "max": 259997.0,
            "count": 17
        },
        "MachineLearningAgent.Policy.ExtrinsicValueEstimate.mean": {
            "value": -0.8357928991317749,
            "min": -0.8439699411392212,
            "max": -0.8274228572845459,
            "count": 17
        },
        "MachineLearningAgent.Policy.ExtrinsicValueEstimate.sum": {
            "value": -2936.976318359375,
            "min": -2956.4267578125,
            "max": -2002.53564453125,
            "count": 17
        },
        "MachineLearningAgent.Environment.CumulativeReward.mean": {
            "value": -0.8451906659077973,
            "min": -0.8549814444761633,
            "max": -0.8365957446808511,
            "count": 17
        },
        "MachineLearningAgent.Environment.CumulativeReward.sum": {
            "value": -2970.0,
            "min": -2995.0,
            "max": -2005.0,
            "count": 17
        },
        "MachineLearningAgent.Policy.ExtrinsicReward.mean": {
            "value": -0.8451906659077973,
            "min": -0.8549814444761633,
            "max": -0.8365957446808511,
            "count": 17
        },
        "MachineLearningAgent.Policy.ExtrinsicReward.sum": {
            "value": -2970.0,
            "min": -2995.0,
            "max": -2005.0,
            "count": 17
        },
        "MachineLearningAgent.Losses.PolicyLoss.mean": {
            "value": 0.23665531108438567,
            "min": 0.2365856271705766,
            "max": 0.24636021812080539,
            "count": 17
        },
        "MachineLearningAgent.Losses.PolicyLoss.sum": {
            "value": 23.192220486269797,
            "min": 16.062286018153344,
            "max": 24.145435054162224,
            "count": 17
        },
        "MachineLearningAgent.Losses.ValueLoss.mean": {
            "value": 5.466996020818282e-06,
            "min": 6.433949520398003e-07,
            "max": 0.004537714929248377,
            "count": 17
        },
        "MachineLearningAgent.Losses.ValueLoss.sum": {
            "value": 0.0005357656100401917,
            "min": 6.305270529990044e-05,
            "max": 0.29948918533039287,
            "count": 17
        },
        "MachineLearningAgent.Policy.LearningRate.mean": {
            "value": 0.00014700056528554287,
            "min": 0.00014700056528554287,
            "max": 0.0002420255465975515,
            "count": 17
        },
        "MachineLearningAgent.Policy.LearningRate.sum": {
            "value": 0.014406055397983201,
            "min": 0.014406055397983201,
            "max": 0.023226851057717,
            "count": 17
        },
        "MachineLearningAgent.Policy.Epsilon.mean": {
            "value": 0.14900017142857144,
            "min": 0.14900017142857144,
            "max": 0.18067517575757577,
            "count": 17
        },
        "MachineLearningAgent.Policy.Epsilon.sum": {
            "value": 14.602016800000001,
            "min": 11.9245616,
            "max": 17.542283000000005,
            "count": 17
        },
        "MachineLearningAgent.Policy.Beta.mean": {
            "value": 0.0005000000000000002,
            "min": 0.0005000000000000001,
            "max": 0.0005000000000000002,
            "count": 17
        },
        "MachineLearningAgent.Policy.Beta.sum": {
            "value": 0.04900000000000002,
            "min": 0.03300000000000001,
            "max": 0.04950000000000002,
            "count": 17
        },
        "MachineLearningAgent.IsTraining.mean": {
            "value": 1.0,
            "min": 1.0,
            "max": 1.0,
            "count": 17
        },
        "MachineLearningAgent.IsTraining.sum": {
            "value": 1.0,
            "min": 1.0,
            "max": 1.0,
            "count": 17
        }
    },
    "metadata": {
        "timer_format_version": "0.1.0",
        "start_time_seconds": "1673336125",
        "python_version": "3.6.6 (v3.6.6:4cf1f54eb7, Jun 27 2018, 03:37:03) [MSC v.1900 64 bit (AMD64)]",
        "command_line_arguments": "C:\\Python36\\scripts\\mlagents-learn config/machinelearningagent_simple_config.yaml --run-id=MachineLearningAgentSimple --resume",
        "mlagents_version": "0.28.0",
        "mlagents_envs_version": "0.28.0",
        "communication_protocol_version": "1.5.0",
        "pytorch_version": "1.10.2+cpu",
        "numpy_version": "1.19.5",
        "end_time_seconds": "1673340852"
    },
    "total": 4726.9016907,
    "count": 1,
    "self": 0.012861899999734305,
    "children": {
        "run_training.setup": {
            "total": 0.1131067,
            "count": 1,
            "self": 0.1131067
        },
        "TrainerController.start_learning": {
            "total": 4726.7757221,
            "count": 1,
            "self": 7.404486499961422,
            "children": {
                "TrainerController._reset_env": {
                    "total": 20.6561418,
                    "count": 1,
                    "self": 20.6561418
                },
                "TrainerController.advance": {
                    "total": 4698.499717400038,
                    "count": 232579,
                    "self": 6.912051400142445,
                    "children": {
                        "env_step": {
                            "total": 3788.7254727999525,
                            "count": 232579,
                            "self": 3538.384853699982,
                            "children": {
                                "SubprocessEnvManager._take_step": {
                                    "total": 245.6109165999732,
                                    "count": 232579,
                                    "self": 12.296913899856577,
                                    "children": {
                                        "TorchPolicy.evaluate": {
                                            "total": 233.31400270011662,
                                            "count": 172059,
                                            "self": 63.91550370013297,
                                            "children": {
                                                "TorchPolicy.sample_actions": {
                                                    "total": 169.39849899998364,
                                                    "count": 172059,
                                                    "self": 169.39849899998364
                                                }
                                            }
                                        }
                                    }
                                },
                                "workers": {
                                    "total": 4.729702499996932,
                                    "count": 232578,
                                    "self": 0.0,