{
    "name": "root",
    "gauges": {
        "MachineLearningAgent.Policy.Entropy.mean": {
            "value": 0.0027440893463790417,
            "min": 0.0019131394801661372,
            "max": 0.5030388832092285,
            "count": 5
        },
        "MachineLearningAgent.Policy.Entropy.sum": {
            "value": 27.4189395904541,
            "min": 19.15052604675293,
            "max": 5030.388671875,
            "count": 5
        },
        "MachineLearningAgent.Step.mean": {
            "value": 49991.0,
            "min": 9991.0,
            "max": 49991.0,
            "count": 5
        },
        "MachineLearningAgent.Step.sum": {
            "value": 49991.0,
            "min": 9991.0,
            "max": 49991.0,
            "count": 5
        },
        "MachineLearningAgent.Policy.ExtrinsicValueEstimate.mean": {
            "value": -0.4378257989883423,
            "min": -0.708956241607666,
            "max": -0.41291242837905884,
            "count": 5
        },
        "MachineLearningAgent.Policy.ExtrinsicValueEstimate.sum": {
            "value": -310.8563232421875,
            "min": -467.9111022949219,
            "max": -298.9486083984375,
            "count": 5
        },
        "MachineLearningAgent.Environment.EpisodeLength.mean": {
            "value": 13.073239436619719,
            "min": 12.82596685082873,
            "max": 18.49317738791423,
            "count": 5
        },
        "MachineLearningAgent.Environment.EpisodeLength.sum": {
            "value": 9282.0,
            "min": 9282.0,
            "max": 9487.0,
            "count": 5
        },
        "MachineLearningAgent.Environment.CumulativeReward.mean": {
            "value": -0.47922535194477567,
            "min": -0.8349999642232433,
            "max": -0.453522099233464,
            "count": 5
        },
        "MachineLearningAgent.Environment.CumulativeReward.sum": {
            "value": -340.2499998807907,
            "min": -510.49999886751175,
            "max": -328.3499998450279,
            "count": 5
        },
        "MachineLearningAgent.Policy.ExtrinsicReward.mean": {
            "value": -0.47922535194477567,
            "min": -0.8349999642232433,
            "max": -0.453522099233464,
            "count": 5
        },
        "MachineLearningAgent.Policy.ExtrinsicReward.sum": {
            "value": -340.2499998807907,
            "min": -510.49999886751175,
            "max": -328.3499998450279,
            "count": 5
        },
        "MachineLearningAgent.Losses.PolicyLoss.mean": {
            "value": 0.24207020030269416,
            "min": 0.2370478416415969,
            "max": 0.2432219873467067,
            "count": 5
        },
        "MachineLearningAgent.Losses.PolicyLoss.sum": {
            "value": 22.270458427847863,
            "min": 21.160312899163483,
            "max": 22.270458427847863,
            "count": 5
        },
        "MachineLearningAgent.Losses.ValueLoss.mean": {
            "value": 5.8465282945029626e-05,
            "min": 5.8465282945029626e-05,
            "max": 0.13458360106410985,
            "count": 5
        },
        "MachineLearningAgent.Losses.ValueLoss.sum": {
            "value": 0.005378806030942726,
            "min": 0.005378806030942726,
            "max": 11.708773292577558,
            "count": 5
        },
        "MachineLearningAgent.Policy.LearningRate.mean": {
            "value": 0.00027299735465305863,
            "min": 0.00027299735465305863,
            "max": 0.00029692899412711723,
            "count": 5
        },
        "MachineLearningAgent.Policy.LearningRate.sum": {
            "value": 0.025115756628081395,
            "min": 0.025115756628081395,
            "max": 0.0262206076597976,
            "count": 5
        },
        "MachineLearningAgent.Policy.Epsilon.mean": {
            "value": 0.19099911521739135,
            "min": 0.19099911521739135,
            "max": 0.19897633103448273,
            "count": 5
        },
        "MachineLearningAgent.Policy.Epsilon.sum": {
            "value": 17.571918600000004,
            "min": 17.310940799999997,
            "max": 17.9402024,
            "count": 5
        },
        "MachineLearningAgent.Policy.Beta.mean": {
            "value": 0.0005000000000000001,
            "min": 0.0005000000000000001,
            "max": 0.0005000000000000001,
            "count": 5
        },
        "MachineLearningAgent.Policy.Beta.sum": {
            "value": 0.04600000000000001,
            "min": 0.04350000000000001,
            "max": 0.04600000000000001,
            "count": 5
        },
        "MachineLearningAgent.IsTraining.mean": {
            "value": 1.0,
            "min": 1.0,
            "max": 1.0,
            "count": 5
        },
        "MachineLearningAgent.IsTraining.sum": {
            "value": 1.0,
            "min": 1.0,
            "max": 1.0,
            "count": 5
        }
    },
    "metadata": {
        "timer_format_version": "0.1.0",
        "start_time_seconds": "1673355461",
        "python_version": "3.6.6 (v3.6.6:4cf1f54eb7, Jun 27 2018, 03:37:03) [MSC v.1900 64 bit (AMD64)]",
        "command_line_arguments": "C:\\Python36\\scripts\\mlagents-learn config/machinelearningagent_simple_config.yaml --run-id=MachineLearningAgentSimple --force",
        "mlagents_version": "0.28.0",
        "mlagents_envs_version": "0.28.0",
        "communication_protocol_version": "1.5.0",
        "pytorch_version": "1.10.2+cpu",
        "numpy_version": "1.19.5",
        "end_time_seconds": "1673356829"
    },
    "total": 1368.1005292999998,
    "count": 1,
    "self": 0.015247499999759384,
    "children": {
        "run_training.setup": {
            "total": 0.1121499,
            "count": 1,
            "self": 0.1121499
        },
        "TrainerController.start_learning": {
            "total": 1367.9731319,
            "count": 1,
            "self": 2.0464605000006486,
            "children": {
                "TrainerController._reset_env": {
                    "total": 32.6826462,
                    "count": 1,
                    "self": 32.6826462
                },
                "TrainerController.advance": {
                    "total": 1333.0408348999995,
                    "count": 60601,
                    "self": 1.8807335000087733,
                    "children": {
                        "env_step": {
                            "total": 1213.3634811000022,
                            "count": 60601,
                            "self": 1129.6641196999885,
                            "children": {
                                "SubprocessEnvManager._take_step": {
                                    "total": 82.41878120000653,
                                    "count": 60601,
                                    "self": 4.057958700016357,
                                    "children": {
                                        "TorchPolicy.evaluate": {
                                            "total": 78.36082249999018,
                                            "count": 56867,
                                            "self": 21.316506799983962,
                                            "children": {
                                                "TorchPolicy.sample_actions": {
                                                    "total": 57.044315700006216,
                                                    "count": 56867,
                                                    "self": 57.044315700006216
                                                }
                                            }
                                        }
                                    }
                                },
                                "workers": {
                                    "total": 1.2805802000070656,
                                    "count": 60600,
                                    "self": 0.0,