{
    "name": "root",
    "gauges": {
        "MachineLearningAgent.Policy.Entropy.mean": {
            "value": -1.0797091931635805e-07,
            "min": -1.1619241035987216e-07,
            "max": -7.354537956416607e-08,
            "count": 16
        },
        "MachineLearningAgent.Policy.Entropy.sum": {
            "value": -0.0010798171861097217,
            "min": -0.0011618079151958227,
            "max": -0.00021545455092564225,
            "count": 16
        },
        "MachineLearningAgent.Environment.EpisodeLength.mean": {
            "value": 1.843616718794427,
            "min": 1.8232636928289103,
            "max": 1.862582307472087,
            "count": 16
        },
        "MachineLearningAgent.Environment.EpisodeLength.sum": {
            "value": 6484.0,
            "min": 1625.0,
            "max": 6506.0,
            "count": 16
        },
        "MachineLearningAgent.Step.mean": {
            "value": 419999.0,
            "min": 269999.0,
            "max": 419999.0,
            "count": 16
        },
        "MachineLearningAgent.Step.sum": {
            "value": 419999.0,
            "min": 269999.0,
            "max": 419999.0,
            "count": 16
        },
        "MachineLearningAgent.Policy.ExtrinsicValueEstimate.mean": {
            "value": -0.8343638181686401,
            "min": -0.8533157110214233,
            "max": -0.814133882522583,
            "count": 16
        },
        "MachineLearningAgent.Policy.ExtrinsicValueEstimate.sum": {
            "value": -2934.45751953125,
            "min": -2980.6318359375,
            "max": -751.286376953125,
            "count": 16
        },
        "MachineLearningAgent.Environment.CumulativeReward.mean": {
            "value": -0.8436167187944271,
            "min": -0.8625823074720871,
            "max": -0.8232636928289102,
            "count": 16
        },
        "MachineLearningAgent.Environment.CumulativeReward.sum": {
            "value": -2967.0,
            "min": -3013.0,
            "max": -742.0,
            "count": 16
        },
        "MachineLearningAgent.Policy.ExtrinsicReward.mean": {
            "value": -0.8436167187944271,
            "min": -0.8625823074720871,
            "max": -0.8232636928289102,
            "count": 16
        },
        "MachineLearningAgent.Policy.ExtrinsicReward.sum": {
            "value": -2967.0,
            "min": -3013.0,
            "max": -742.0,
            "count": 16
        },
        "MachineLearningAgent.Losses.PolicyLoss.mean": {
            "value": 0.24100461643081095,
            "min": 0.23173768649123505,
            "max": 0.2474469468436682,
            "count": 16
        },
        "MachineLearningAgent.Losses.PolicyLoss.sum": {
            "value": 23.618452410219472,
            "min": 5.561704475789641,
            "max": 24.249800790679483,
            "count": 16
        },
        "MachineLearningAgent.Losses.ValueLoss.mean": {
            "value": 4.851582378343557e-07,
            "min": 3.30740350488454e-07,
            "max": 0.0051266259751404026,
            "count": 16
        },
        "MachineLearningAgent.Losses.ValueLoss.sum": {
            "value": 4.754550730776686e-05,
            "min": 3.241255434786849e-05,
            "max": 0.12303902340336967,
            "count": 16
        },
        "MachineLearningAgent.Policy.LearningRate.mean": {
            "value": 5.097888096625101e-05,
            "min": 5.097888096625101e-05,
            "max": 0.00013873810375398334,
            "count": 16
        },
        "MachineLearningAgent.Policy.LearningRate.sum": {
            "value": 0.004995930334692599,
            "min": 0.0033297144900956,
            "max": 0.0132300965899696,
            "count": 16
        },
        "MachineLearningAgent.Policy.Epsilon.mean": {
            "value": 0.11699293265306125,
            "min": 0.11699293265306125,
            "max": 0.14624601666666667,
            "count": 16
        },
        "MachineLearningAgent.Policy.Epsilon.sum": {
            "value": 11.465307400000002,
            "min": 3.5099044,
            "max": 14.210030399999999,
            "count": 16
        },
        "MachineLearningAgent.Policy.Beta.mean": {
            "value": 0.0005000000000000002,
            "min": 0.0005000000000000001,
            "max": 0.0005000000000000002,
            "count": 16
        },
        "MachineLearningAgent.Policy.Beta.sum": {
            "value": 0.04900000000000002,
            "min": 0.012000000000000004,
            "max": 0.04950000000000002,
            "count": 16
        },
        "MachineLearningAgent.IsTraining.mean": {
            "value": 1.0,
            "min": 1.0,
            "max": 1.0,
            "count": 16
        },
        "MachineLearningAgent.IsTraining.sum": {
            "value": 1.0,
            "min": 1.0,
            "max": 1.0,
            "count": 16
        }
    },
    "metadata": {
        "timer_format_version": "0.1.0",
        "start_time_seconds": "1673343647",
        "python_version": "3.6.6 (v3.6.6:4cf1f54eb7, Jun 27 2018, 03:37:03) [MSC v.1900 64 bit (AMD64)]",
        "command_line_arguments": "C:\\Python36\\scripts\\mlagents-learn config/machinelearningagent_simple_config.yaml --run-id=MachineLearningAgentSimple --resume",
        "mlagents_version": "0.28.0",
        "mlagents_envs_version": "0.28.0",
        "communication_protocol_version": "1.5.0",
        "pytorch_version": "1.10.2+cpu",
        "numpy_version": "1.19.5",
        "end_time_seconds": "1673349237"
    },
    "total": 5590.0326666,
    "count": 1,
    "self": 0.015780699999595527,
    "children": {
        "run_training.setup": {
            "total": 0.1303046,
            "count": 1,
            "self": 0.1303046
        },
        "TrainerController.start_learning": {
            "total": 5589.8865813,
            "count": 1,
            "self": 9.40599819982981,
            "children": {
                "TrainerController._reset_env": {
                    "total": 10.7294556,
                    "count": 1,
                    "self": 10.7294556
                },
                "TrainerController.advance": {
                    "total": 5569.492637400171,
                    "count": 211902,
                    "self": 9.16674810022505,
                    "children": {
                        "env_step": {
                            "total": 4042.6995863000334,
                            "count": 211902,
                            "self": 3670.037363499854,
                            "children": {
                                "SubprocessEnvManager._take_step": {
                                    "total": 366.4058698001695,
                                    "count": 211902,
                                    "self": 17.144641700139573,
                                    "children": {
                                        "TorchPolicy.evaluate": {
                                            "total": 349.26122810002994,
                                            "count": 156704,
                                            "self": 92.27670800000573,
                                            "children": {
                                                "TorchPolicy.sample_actions": {
                                                    "total": 256.9845201000242,
                                                    "count": 156704,
                                                    "self": 256.9845201000242
                                                }
                                            }
                                        }
                                    }
                                },
                                "workers": {
                                    "total": 6.25635300000987,
                                    "count": 211901,
                                    "self": 0.0,