{
    "name": "root",
    "gauges": {
        "MachineLearningAgent.Policy.Entropy.mean": {
            "value": 0.17963597178459167,
            "min": 0.17963597178459167,
            "max": 0.8910815119743347,
            "count": 228
        },
        "MachineLearningAgent.Policy.Entropy.sum": {
            "value": 1793.485595703125,
            "min": 1793.485595703125,
            "max": 8921.5078125,
            "count": 228
        },
        "MachineLearningAgent.Step.mean": {
            "value": 2279938.0,
            "min": 9984.0,
            "max": 2279938.0,
            "count": 228
        },
        "MachineLearningAgent.Step.sum": {
            "value": 2279938.0,
            "min": 9984.0,
            "max": 2279938.0,
            "count": 228
        },
        "MachineLearningAgent.Policy.ExtrinsicValueEstimate.mean": {
            "value": -15.486741065979004,
            "min": -374.52099609375,
            "max": 189.7478790283203,
            "count": 228
        },
        "MachineLearningAgent.Policy.ExtrinsicValueEstimate.sum": {
            "value": -2415.931640625,
            "min": -58425.2734375,
            "max": 29790.41796875,
            "count": 228
        },
        "MachineLearningAgent.IsTraining.mean": {
            "value": 1.0,
            "min": 1.0,
            "max": 1.0,
            "count": 228
        },
        "MachineLearningAgent.IsTraining.sum": {
            "value": 1.0,
            "min": 1.0,
            "max": 1.0,
            "count": 228
        },
        "MachineLearningAgent.Losses.PolicyLoss.mean": {
            "value": 0.09586901470014812,
            "min": 0.0917456677424596,
            "max": 0.10787938328885889,
            "count": 189
        },
        "MachineLearningAgent.Losses.PolicyLoss.sum": {
            "value": 0.09586901470014812,
            "min": 0.0917456677424596,
            "max": 0.10787938328885889,
            "count": 189
        },
        "MachineLearningAgent.Losses.ValueLoss.mean": {
            "value": 1.7543166543997772,
            "min": 0.13283083494092132,
            "max": 2727.8942845662436,
            "count": 189
        },
        "MachineLearningAgent.Losses.ValueLoss.sum": {
            "value": 1.7543166543997772,
            "min": 0.13283083494092132,
            "max": 2727.8942845662436,
            "count": 189
        },
        "MachineLearningAgent.Policy.LearningRate.mean": {
            "value": 7.258867580380002e-05,
            "min": 7.258867580380002e-05,
            "max": 0.00029879680040106665,
            "count": 189
        },
        "MachineLearningAgent.Policy.LearningRate.sum": {
            "value": 7.258867580380002e-05,
            "min": 7.258867580380002e-05,
            "max": 0.00029879680040106665,
            "count": 189
        },
        "MachineLearningAgent.Policy.Epsilon.mean": {
            "value": 0.12419619999999999,
            "min": 0.12419619999999999,
            "max": 0.19959893333333334,
            "count": 189
        },
        "MachineLearningAgent.Policy.Epsilon.sum": {
            "value": 0.12419619999999999,
            "min": 0.12419619999999999,
            "max": 0.19959893333333334,
            "count": 189
        },
        "MachineLearningAgent.Policy.Beta.mean": {
            "value": 0.0005,
            "min": 0.0005,
            "max": 0.0005,
            "count": 189
        },
        "MachineLearningAgent.Policy.Beta.sum": {
            "value": 0.0005,
            "min": 0.0005,
            "max": 0.0005,
            "count": 189
        },
        "MachineLearningAgent.Environment.EpisodeLength.mean": {
            "value": 2859.0,
            "min": 2859.0,
            "max": 736267.5,
            "count": 14
        },
        "MachineLearningAgent.Environment.EpisodeLength.sum": {
            "value": 2859.0,
            "min": 2859.0,
            "max": 1472535.0,
            "count": 14
        },
        "MachineLearningAgent.Environment.CumulativeReward.mean": {
            "value": -679.4000704288483,
            "min": -236098.56943926215,
            "max": -679.4000704288483,
            "count": 14
        },
        "MachineLearningAgent.Environment.CumulativeReward.sum": {
            "value": -679.4000704288483,
            "min": -472197.1388785243,
            "max": -679.4000704288483,
            "count": 14
        },
        "MachineLearningAgent.Policy.ExtrinsicReward.mean": {
            "value": -679.4000704288483,
            "min": -236098.56943926215,
            "max": -679.4000704288483,
            "count": 14
        },
        "MachineLearningAgent.Policy.ExtrinsicReward.sum": {
            "value": -679.4000704288483,
            "min": -472197.1388785243,
            "max": -679.4000704288483,
            "count": 14
        }
    },
    "metadata": {
        "timer_format_version": "0.1.0",
        "start_time_seconds": "1671669954",
        "python_version": "3.6.13 |Anaconda, Inc.| (default, Mar 16 2021, 11:37:27) [MSC v.1916 64 bit (AMD64)]",
        "command_line_arguments": "C:\\Users\\david\\anaconda3\\envs\\ParkEnvironment\\Scripts\\mlagents-learn config/machinelearningagent_config.yaml --force",
        "mlagents_version": "0.28.0",
        "mlagents_envs_version": "0.28.0",
        "communication_protocol_version": "1.5.0",
        "pytorch_version": "1.10.2+cpu",
        "numpy_version": "1.19.5",
        "end_time_seconds": "1671712928"
    },
    "total": 42974.5651257,
    "count": 1,
    "self": 0.008293500002764631,
    "children": {
        "run_training.setup": {
            "total": 0.1023467,
            "count": 1,
            "self": 0.1023467
        },
        "TrainerController.start_learning": {
            "total": 42974.4544855,
            "count": 1,
            "self": 51.15172940828052,
            "children": {
                "TrainerController._reset_env": {
                    "total": 7.2062448,
                    "count": 1,
                    "self": 7.2062448
                },
                "TrainerController.advance": {
                    "total": 42916.017204691714,
                    "count": 2283418,
                    "self": 49.56767559396394,
                    "children": {
                        "env_step": {
                            "total": 39088.583259200655,
                            "count": 2283418,
                            "self": 36779.04905850226,
                            "children": {
                                "SubprocessEnvManager._take_step": {
                                    "total": 2276.169219795587,
                                    "count": 2283418,
                                    "self": 113.8100714958291,
                                    "children": {
                                        "TorchPolicy.evaluate": {
                                            "total": 2162.359148299758,
                                            "count": 2283401,
                                            "self": 615.3569913046829,
                                            "children": {
                                                "TorchPolicy.sample_actions": {
                                                    "total": 1547.0021569950752,
                                                    "count": 2283401,
                                                    "self": 1547.0021569950752
                                                }
                                            }
                                        }
                                    }
                                },
                                "workers": {
                                    "total": 33.36498090280188,
                                    "count": 2283417,
                                    "self": 0.0,