{
    "name": "root",
    "gauges": {
        "MachineLearningAgent.Policy.Entropy.mean": {
            "value": 1.3197201490402222,
            "min": 1.3186014890670776,
            "max": 1.3862311840057373,
            "count": 200
        },
        "MachineLearningAgent.Policy.Entropy.sum": {
            "value": 13236.79296875,
            "min": 13135.326171875,
            "max": 13939.8740234375,
            "count": 200
        },
        "MachineLearningAgent.Step.mean": {
            "value": 1999974.0,
            "min": 9993.0,
            "max": 1999974.0,
            "count": 200
        },
        "MachineLearningAgent.Step.sum": {
            "value": 1999974.0,
            "min": 9993.0,
            "max": 1999974.0,
            "count": 200
        },
        "MachineLearningAgent.Policy.ExtrinsicValueEstimate.mean": {
            "value": -38.627681732177734,
            "min": -41.59759521484375,
            "max": 0.1110047847032547,
            "count": 200
        },
        "MachineLearningAgent.Policy.ExtrinsicValueEstimate.sum": {
            "value": -8111.8134765625,
            "min": -8550.7294921875,
            "max": 18.204784393310547,
            "count": 200
        },
        "MachineLearningAgent.Environment.EpisodeLength.mean": {
            "value": 80.68852459016394,
            "min": 71.52173913043478,
            "max": 514.421052631579,
            "count": 200
        },
        "MachineLearningAgent.Environment.EpisodeLength.sum": {
            "value": 9844.0,
            "min": 8786.0,
            "max": 11196.0,
            "count": 200
        },
        "MachineLearningAgent.Environment.CumulativeReward.mean": {
            "value": -81.19756241542537,
            "min": -515.2894807740262,
            "max": -72.589494622272,
            "count": 200
        },
        "MachineLearningAgent.Environment.CumulativeReward.sum": {
            "value": -9987.30017709732,
            "min": -12710.300124168396,
            "max": -8859.100151777267,
            "count": 200
        },
        "MachineLearningAgent.Policy.ExtrinsicReward.mean": {
            "value": -81.19756241542537,
            "min": -515.2894807740262,
            "max": -72.589494622272,
            "count": 200
        },
        "MachineLearningAgent.Policy.ExtrinsicReward.sum": {
            "value": -9987.30017709732,
            "min": -12710.300124168396,
            "max": -8859.100151777267,
            "count": 200
        },
        "MachineLearningAgent.IsTraining.mean": {
            "value": 1.0,
            "min": 1.0,
            "max": 1.0,
            "count": 200
        },
        "MachineLearningAgent.IsTraining.sum": {
            "value": 1.0,
            "min": 1.0,
            "max": 1.0,
            "count": 200
        },
        "MachineLearningAgent.Losses.PolicyLoss.mean": {
            "value": 0.036089881938678445,
            "min": 0.03564115988071232,
            "max": 0.036963559769331675,
            "count": 4
        },
        "MachineLearningAgent.Losses.PolicyLoss.sum": {
            "value": 0.036089881938678445,
            "min": 0.03564115988071232,
            "max": 0.036963559769331675,
            "count": 4
        },
        "MachineLearningAgent.Losses.ValueLoss.mean": {
            "value": 169.34540729522706,
            "min": 169.34540729522706,
            "max": 270.2738056310018,
            "count": 4
        },
        "MachineLearningAgent.Losses.ValueLoss.sum": {
            "value": 169.34540729522706,
            "min": 169.34540729522706,
            "max": 270.2738056310018,
            "count": 4
        },
        "MachineLearningAgent.Policy.LearningRate.mean": {
            "value": 5.42184819272e-05,
            "min": 5.42184819272e-05,
            "max": 0.0002385567204811,
            "count": 4
        },
        "MachineLearningAgent.Policy.LearningRate.sum": {
            "value": 5.42184819272e-05,
            "min": 5.42184819272e-05,
            "max": 0.0002385567204811,
            "count": 4
        },
        "MachineLearningAgent.Policy.Epsilon.mean": {
            "value": 0.1180728,
            "min": 0.1180728,
            "max": 0.17951889999999998,
            "count": 4
        },
        "MachineLearningAgent.Policy.Epsilon.sum": {
            "value": 0.1180728,
            "min": 0.1180728,
            "max": 0.17951889999999998,
            "count": 4
        },
        "MachineLearningAgent.Policy.Beta.mean": {
            "value": 0.0005000000000000001,
            "min": 0.0005000000000000001,
            "max": 0.0005000000000000001,
            "count": 4
        },
        "MachineLearningAgent.Policy.Beta.sum": {
            "value": 0.0005000000000000001,
            "min": 0.0005000000000000001,
            "max": 0.0005000000000000001,
            "count": 4
        }
    },
    "metadata": {
        "timer_format_version": "0.1.0",
        "start_time_seconds": "1671999981",
        "python_version": "3.6.13 |Anaconda, Inc.| (default, Mar 16 2021, 11:37:27) [MSC v.1916 64 bit (AMD64)]",
        "command_line_arguments": "C:\\Users\\david\\anaconda3\\envs\\ParkEnvironment\\Scripts\\mlagents-learn config/machinelearningagent_config.yaml --run-id=MachineLearningAgent",
        "mlagents_version": "0.28.0",
        "mlagents_envs_version": "0.28.0",
        "communication_protocol_version": "1.5.0",
        "pytorch_version": "1.10.2+cpu",
        "numpy_version": "1.19.5",
        "end_time_seconds": "1672031792"
    },
    "total": 31810.784001999997,
    "count": 1,
    "self": 0.008483999994496116,
    "children": {
        "run_training.setup": {
            "total": 0.09311280000000001,
            "count": 1,
            "self": 0.09311280000000001
        },
        "TrainerController.start_learning": {
            "total": 31810.6824052,
            "count": 1,
            "self": 43.327508402304375,
            "children": {
                "TrainerController._reset_env": {
                    "total": 9.2742062,
                    "count": 1,
                    "self": 9.2742062
                },
                "TrainerController.advance": {
                    "total": 31757.9771060977,
                    "count": 2011877,
                    "self": 45.15375609915645,
                    "children": {
                        "env_step": {
                            "total": 30748.109637099307,
                            "count": 2011877,
                            "self": 28313.137414998542,
                            "children": {
                                "SubprocessEnvManager._take_step": {
                                    "total": 2406.0115935998165,
                                    "count": 2011877,
                                    "self": 100.36049660180697,
                                    "children": {
                                        "TorchPolicy.evaluate": {
                                            "total": 2305.6510969980095,
                                            "count": 2000038,
                                            "self": 534.1024653995783,
                                            "children": {
                                                "TorchPolicy.sample_actions": {
                                                    "total": 1771.5486315984313,
                                                    "count": 2000038,
                                                    "self": 1771.5486315984313
                                                }
                                            }
                                        }
                                    }
                                },
                                "workers": {
                                    "total": 28.960628500946935,
                                    "count": 2011877,
                                    "self": 0.0,