{
    "name": "root",
    "gauges": {
        "MachineLearningAgent.Policy.Entropy.mean": {
            "value": 2.6364468794781715e-06,
            "min": -1.1527577470360484e-07,
            "max": 1.3844859600067139,
            "count": 51
        },
        "MachineLearningAgent.Policy.Entropy.sum": {
            "value": 0.026385560631752014,
            "min": -0.001152411918155849,
            "max": 13921.005859375,
            "count": 51
        },
        "MachineLearningAgent.Step.mean": {
            "value": 509994.0,
            "min": 9991.0,
            "max": 509994.0,
            "count": 51
        },
        "MachineLearningAgent.Step.sum": {
            "value": 509994.0,
            "min": 9991.0,
            "max": 509994.0,
            "count": 51
        },
        "MachineLearningAgent.Policy.ExtrinsicValueEstimate.mean": {
            "value": -6.644291400909424,
            "min": -43.11568832397461,
            "max": -3.663595676422119,
            "count": 51
        },
        "MachineLearningAgent.Policy.ExtrinsicValueEstimate.sum": {
            "value": -3694.22607421875,
            "min": -9442.3359375,
            "max": -615.4840698242188,
            "count": 51
        },
        "MachineLearningAgent.Environment.EpisodeLength.mean": {
            "value": 17.0,
            "min": 13.833827893175075,
            "max": 369.037037037037,
            "count": 51
        },
        "MachineLearningAgent.Environment.EpisodeLength.sum": {
            "value": 9452.0,
            "min": 9324.0,
            "max": 10025.0,
            "count": 51
        },
        "MachineLearningAgent.Environment.CumulativeReward.mean": {
            "value": -15.02518176346374,
            "min": -378.76111708747015,
            "max": -12.753710119236118,
            "count": 51
        },
        "MachineLearningAgent.Environment.CumulativeReward.sum": {
            "value": -8354.00106048584,
            "min": -12319.950211763382,
            "max": -8327.401058197021,
            "count": 51
        },
        "MachineLearningAgent.Policy.ExtrinsicReward.mean": {
            "value": -15.02518176346374,
            "min": -378.76111708747015,
            "max": -12.753710119236118,
            "count": 51
        },
        "MachineLearningAgent.Policy.ExtrinsicReward.sum": {
            "value": -8354.00106048584,
            "min": -12319.950211763382,
            "max": -8327.401058197021,
            "count": 51
        },
        "MachineLearningAgent.Losses.PolicyLoss.mean": {
            "value": 0.09783743440372442,
            "min": 0.09308973395188028,
            "max": 0.18385482745604045,
            "count": 51
        },
        "MachineLearningAgent.Losses.PolicyLoss.sum": {
            "value": 0.19567486880744883,
            "min": 0.09353933924770293,
            "max": 0.20588593991609133,
            "count": 51
        },
        "MachineLearningAgent.Losses.ValueLoss.mean": {
            "value": 0.03780245103068106,
            "min": 0.027591516098861273,
            "max": 294.6378670533498,
            "count": 51
        },
        "MachineLearningAgent.Losses.ValueLoss.sum": {
            "value": 0.07560490206136213,
            "min": 0.027591516098861273,
            "max": 338.38455696900684,
            "count": 51
        },
        "MachineLearningAgent.Policy.LearningRate.mean": {
            "value": 0.00024955681681440003,
            "min": 0.00024955681681440003,
            "max": 0.00029917720027426665,
            "count": 51
        },
        "MachineLearningAgent.Policy.LearningRate.sum": {
            "value": 0.0004991136336288001,
            "min": 0.00025078801640400006,
            "max": 0.0005909540030153332,
            "count": 51
        },
        "MachineLearningAgent.Policy.Epsilon.mean": {
            "value": 0.1831856,
            "min": 0.1831856,
            "max": 0.19972573333333335,
            "count": 51
        },
        "MachineLearningAgent.Policy.Epsilon.sum": {
            "value": 0.3663712,
            "min": 0.18359600000000006,
            "max": 0.3969846666666667,
            "count": 51
        },
        "MachineLearningAgent.Policy.Beta.mean": {
            "value": 0.0005000000000000001,
            "min": 0.0005000000000000001,
            "max": 0.0005000000000000001,
            "count": 51
        },
        "MachineLearningAgent.Policy.Beta.sum": {
            "value": 0.0010000000000000002,
            "min": 0.0005000000000000001,
            "max": 0.0010000000000000002,
            "count": 51
        },
        "MachineLearningAgent.IsTraining.mean": {
            "value": 1.0,
            "min": 1.0,
            "max": 1.0,
            "count": 51
        },
        "MachineLearningAgent.IsTraining.sum": {
            "value": 1.0,
            "min": 1.0,
            "max": 1.0,
            "count": 51
        }
    },
    "metadata": {
        "timer_format_version": "0.1.0",
        "start_time_seconds": "1671879949",
        "python_version": "3.6.13 |Anaconda, Inc.| (default, Mar 16 2021, 11:37:27) [MSC v.1916 64 bit (AMD64)]",
        "command_line_arguments": "C:\\Users\\david\\anaconda3\\envs\\ParkEnvironment\\Scripts\\mlagents-learn config/machinelearningagent_config.yaml --run-id=MachineLearningAgent",
        "mlagents_version": "0.28.0",
        "mlagents_envs_version": "0.28.0",
        "communication_protocol_version": "1.5.0",
        "pytorch_version": "1.10.2+cpu",
        "numpy_version": "1.19.5",
        "end_time_seconds": "1671887996"
    },
    "total": 8047.1735828,
    "count": 1,
    "self": 0.006042800000614079,
    "children": {
        "run_training.setup": {
            "total": 0.1050601,
            "count": 1,
            "self": 0.1050601
        },
        "TrainerController.start_learning": {
            "total": 8047.0624799,
            "count": 1,
            "self": 12.240072300149222,
            "children": {
                "TrainerController._reset_env": {
                    "total": 6.1156027,
                    "count": 1,
                    "self": 6.1156027
                },
                "TrainerController.advance": {
                    "total": 8028.604965199851,
                    "count": 537802,
                    "self": 12.479836400103522,
                    "children": {
                        "env_step": {
                            "total": 7606.434931799824,
                            "count": 537802,
                            "self": 7011.1194542997155,
                            "children": {
                                "SubprocessEnvManager._take_step": {
                                    "total": 587.4299251997617,
                                    "count": 537802,
                                    "self": 26.888308599582956,
                                    "children": {
                                        "TorchPolicy.evaluate": {
                                            "total": 560.5416166001787,
                                            "count": 510229,
                                            "self": 145.35592820046548,
                                            "children": {
                                                "TorchPolicy.sample_actions": {
                                                    "total": 415.18568839971323,
                                                    "count": 510229,
                                                    "self": 415.18568839971323
                                                }
                                            }
                                        }
                                    }
                                },
                                "workers": {
                                    "total": 7.88555230034683,
                                    "count": 537801,
                                    "self": 0.0,