{
    "name": "root",
    "gauges": {
        "MachineLearningAgent.Policy.Entropy.mean": {
            "value": -1.1920927533992653e-07,
            "min": -1.1920927533992653e-07,
            "max": 0.6415759325027466,
            "count": 300
        },
        "MachineLearningAgent.Policy.Entropy.sum": {
            "value": -0.0011901854304596782,
            "min": -0.0011978148249909282,
            "max": 6445.27197265625,
            "count": 300
        },
        "MachineLearningAgent.Step.mean": {
            "value": 2999967.0,
            "min": 9982.0,
            "max": 2999967.0,
            "count": 300
        },
        "MachineLearningAgent.Step.sum": {
            "value": 2999967.0,
            "min": 9982.0,
            "max": 2999967.0,
            "count": 300
        },
        "MachineLearningAgent.Policy.ExtrinsicValueEstimate.mean": {
            "value": -50.00087356567383,
            "min": -210.02853393554688,
            "max": 19.287588119506836,
            "count": 300
        },
        "MachineLearningAgent.Policy.ExtrinsicValueEstimate.sum": {
            "value": -7800.13623046875,
            "min": -32974.48046875,
            "max": 3047.43896484375,
            "count": 300
        },
        "MachineLearningAgent.Environment.EpisodeLength.mean": {
            "value": 53.46153846153846,
            "min": 53.46153846153846,
            "max": 3185.3333333333335,
            "count": 4
        },
        "MachineLearningAgent.Environment.EpisodeLength.sum": {
            "value": 695.0,
            "min": 695.0,
            "max": 38224.0,
            "count": 4
        },
        "MachineLearningAgent.Environment.CumulativeReward.mean": {
            "value": -124.14230757493239,
            "min": -1670.6125853061676,
            "max": -124.14230757493239,
            "count": 4
        },
        "MachineLearningAgent.Environment.CumulativeReward.sum": {
            "value": -1613.849998474121,
            "min": -19687.652242660522,
            "max": -1613.849998474121,
            "count": 4
        },
        "MachineLearningAgent.Policy.ExtrinsicReward.mean": {
            "value": -124.14230757493239,
            "min": -1670.6125853061676,
            "max": -124.14230757493239,
            "count": 4
        },
        "MachineLearningAgent.Policy.ExtrinsicReward.sum": {
            "value": -1613.849998474121,
            "min": -19687.652242660522,
            "max": -1613.849998474121,
            "count": 4
        },
        "MachineLearningAgent.IsTraining.mean": {
            "value": 1.0,
            "min": 1.0,
            "max": 1.0,
            "count": 300
        },
        "MachineLearningAgent.IsTraining.sum": {
            "value": 1.0,
            "min": 1.0,
            "max": 1.0,
            "count": 300
        },
        "MachineLearningAgent.Losses.PolicyLoss.mean": {
            "value": 0.10141383276357321,
            "min": 0.043846678758264646,
            "max": 0.11829171178500549,
            "count": 249
        },
        "MachineLearningAgent.Losses.PolicyLoss.sum": {
            "value": 0.10141383276357321,
            "min": 0.043846678758264646,
            "max": 0.11829171178500549,
            "count": 249
        },
        "MachineLearningAgent.Losses.ValueLoss.mean": {
            "value": 6.624544934672634e-09,
            "min": 6.624544934672634e-09,
            "max": 601.9926892544361,
            "count": 249
        },
        "MachineLearningAgent.Losses.ValueLoss.sum": {
            "value": 6.624544934672634e-09,
            "min": 6.624544934672634e-09,
            "max": 601.9926892544361,
            "count": 249
        },
        "MachineLearningAgent.Policy.LearningRate.mean": {
            "value": 4.0019986663333653e-07,
            "min": 4.0019986663333653e-07,
            "max": 0.00029879690040103324,
            "count": 249
        },
        "MachineLearningAgent.Policy.LearningRate.sum": {
            "value": 4.0019986663333653e-07,
            "min": 4.0019986663333653e-07,
            "max": 0.00029879690040103324,
            "count": 249
        },
        "MachineLearningAgent.Policy.Epsilon.mean": {
            "value": 0.10013336666666664,
            "min": 0.10013336666666664,
            "max": 0.19959896666666668,
            "count": 249
        },
        "MachineLearningAgent.Policy.Epsilon.sum": {
            "value": 0.10013336666666664,
            "min": 0.10013336666666664,
            "max": 0.19959896666666668,
            "count": 249
        },
        "MachineLearningAgent.Policy.Beta.mean": {
            "value": 0.0005,
            "min": 0.0005,
            "max": 0.0005,
            "count": 249
        },
        "MachineLearningAgent.Policy.Beta.sum": {
            "value": 0.0005,
            "min": 0.0005,
            "max": 0.0005,
            "count": 249
        }
    },
    "metadata": {
        "timer_format_version": "0.1.0",
        "start_time_seconds": "1671740617",
        "python_version": "3.6.13 |Anaconda, Inc.| (default, Mar 16 2021, 11:37:27) [MSC v.1916 64 bit (AMD64)]",
        "command_line_arguments": "C:\\Users\\david\\anaconda3\\envs\\ParkEnvironment\\Scripts\\mlagents-learn config/machinelearningagent_config.yaml --run-id=MachineLearningAgent",
        "mlagents_version": "0.28.0",
        "mlagents_envs_version": "0.28.0",
        "communication_protocol_version": "1.5.0",
        "pytorch_version": "1.10.2+cpu",
        "numpy_version": "1.19.5",
        "end_time_seconds": "1671789081"
    },
    "total": 48463.6408693,
    "count": 1,
    "self": 0.007424999996146653,
    "children": {
        "run_training.setup": {
            "total": 0.0949969,
            "count": 1,
            "self": 0.0949969
        },
        "TrainerController.start_learning": {
            "total": 48463.5384474,
            "count": 1,
            "self": 66.794581895796,
            "children": {
                "TrainerController._reset_env": {
                    "total": 11.2825438,
                    "count": 1,
                    "self": 11.2825438
                },
                "TrainerController.advance": {
                    "total": 48385.39029960421,
                    "count": 3000059,
                    "self": 62.332096904436185,
                    "children": {
                        "env_step": {
                            "total": 44038.607470403585,
                            "count": 3000059,
                            "self": 40947.934552697865,
                            "children": {
                                "SubprocessEnvManager._take_step": {
                                    "total": 3047.8578983014445,
                                    "count": 3000059,
                                    "self": 148.8557291023967,
                                    "children": {
                                        "TorchPolicy.evaluate": {
                                            "total": 2899.002169199048,
                                            "count": 3000031,
                                            "self": 785.3354954031397,
                                            "children": {
                                                "TorchPolicy.sample_actions": {
                                                    "total": 2113.666673795908,
                                                    "count": 3000031,
                                                    "self": 2113.666673795908
                                                }
                                            }
                                        }
                                    }
                                },
                                "workers": {
                                    "total": 42.81501940427712,
                                    "count": 3000059,
                                    "self": 0.0,