{
    "name": "root",
    "gauges": {
        "MachineLearningAgent.Policy.Entropy.mean": {
            "value": 0.2778165340423584,
            "min": 0.2778165340423584,
            "max": 0.8216826319694519,
            "count": 248
        },
        "MachineLearningAgent.Policy.Entropy.sum": {
            "value": 2781.4990234375,
            "min": 2781.4990234375,
            "max": 8236.546875,
            "count": 248
        },
        "MachineLearningAgent.Environment.EpisodeLength.mean": {
            "value": 16.056218057921637,
            "min": 16.056218057921637,
            "max": 39.816326530612244,
            "count": 248
        },
        "MachineLearningAgent.Environment.EpisodeLength.sum": {
            "value": 9425.0,
            "min": 8481.0,
            "max": 9810.0,
            "count": 248
        },
        "MachineLearningAgent.Step.mean": {
            "value": 4849998.0,
            "min": 2379980.0,
            "max": 4849998.0,
            "count": 248
        },
        "MachineLearningAgent.Step.sum": {
            "value": 4849998.0,
            "min": 2379980.0,
            "max": 4849998.0,
            "count": 248
        },
        "MachineLearningAgent.Policy.ExtrinsicValueEstimate.mean": {
            "value": -1.6326912641525269,
            "min": -4.844985008239746,
            "max": -1.6326912641525269,
            "count": 248
        },
        "MachineLearningAgent.Policy.ExtrinsicValueEstimate.sum": {
            "value": -958.3897705078125,
            "min": -1478.336181640625,
            "max": -896.61376953125,
            "count": 248
        },
        "MachineLearningAgent.Environment.CumulativeReward.mean": {
            "value": -2.4459452598627016,
            "min": -5.003938247233021,
            "max": -2.441073656747841,
            "count": 248
        },
        "MachineLearningAgent.Environment.CumulativeReward.sum": {
            "value": -1435.7698675394058,
            "min": -1439.9698656201363,
            "max": -1113.4848905205727,
            "count": 248
        },
        "MachineLearningAgent.Policy.ExtrinsicReward.mean": {
            "value": -2.4459452598627016,
            "min": -5.003938247233021,
            "max": -2.441073656747841,
            "count": 248
        },
        "MachineLearningAgent.Policy.ExtrinsicReward.sum": {
            "value": -1435.7698675394058,
            "min": -1439.9698656201363,
            "max": -1113.4848905205727,
            "count": 248
        },
        "MachineLearningAgent.IsTraining.mean": {
            "value": 1.0,
            "min": 1.0,
            "max": 1.0,
            "count": 248
        },
        "MachineLearningAgent.IsTraining.sum": {
            "value": 1.0,
            "min": 1.0,
            "max": 1.0,
            "count": 248
        },
        "MachineLearningAgent.Losses.PolicyLoss.mean": {
            "value": 0.03522864304822482,
            "min": 0.03470666479935365,
            "max": 0.036700896139421575,
            "count": 6
        },
        "MachineLearningAgent.Losses.PolicyLoss.sum": {
            "value": 0.03522864304822482,
            "min": 0.03470666479935365,
            "max": 0.036700896139421575,
            "count": 6
        },
        "MachineLearningAgent.Losses.ValueLoss.mean": {
            "value": 0.16659411489032208,
            "min": 0.16659411489032208,
            "max": 2.543844326933225,
            "count": 6
        },
        "MachineLearningAgent.Losses.ValueLoss.sum": {
            "value": 0.16659411489032208,
            "min": 0.16659411489032208,
            "max": 2.543844326933225,
            "count": 6
        },
        "MachineLearningAgent.Policy.LearningRate.mean": {
            "value": 0.00011891301036235001,
            "min": 0.00011891301036235001,
            "max": 0.00019571523476160006,
            "count": 6
        },
        "MachineLearningAgent.Policy.LearningRate.sum": {
            "value": 0.00011891301036235001,
            "min": 0.00011891301036235001,
            "max": 0.00019571523476160006,
            "count": 6
        },
        "MachineLearningAgent.Policy.Epsilon.mean": {
            "value": 0.13963765000000006,
            "min": 0.13963765000000006,
            "max": 0.16523840000000004,
            "count": 6
        },
        "MachineLearningAgent.Policy.Epsilon.sum": {
            "value": 0.13963765000000006,
            "min": 0.13963765000000006,
            "max": 0.16523840000000004,
            "count": 6
        },
        "MachineLearningAgent.Policy.Beta.mean": {
            "value": 0.0005000000000000001,
            "min": 0.0005000000000000001,
            "max": 0.0005000000000000001,
            "count": 6
        },
        "MachineLearningAgent.Policy.Beta.sum": {
            "value": 0.0005000000000000001,
            "min": 0.0005000000000000001,
            "max": 0.0005000000000000001,
            "count": 6
        }
    },
    "metadata": {
        "timer_format_version": "0.1.0",
        "start_time_seconds": "1672178874",
        "python_version": "3.6.13 |Anaconda, Inc.| (default, Mar 16 2021, 11:37:27) [MSC v.1916 64 bit (AMD64)]",
        "command_line_arguments": "C:\\Users\\david\\anaconda3\\envs\\ParkEnvironment\\Scripts\\mlagents-learn config/machinelearningagent_config.yaml --run-id=MachineLearningAgent --resume",
        "mlagents_version": "0.28.0",
        "mlagents_envs_version": "0.28.0",
        "communication_protocol_version": "1.5.0",
        "pytorch_version": "1.10.2+cpu",
        "numpy_version": "1.19.5",
        "end_time_seconds": "1672218737"
    },
    "total": 39863.5541208,
    "count": 1,
    "self": 0.007526100001996383,
    "children": {
        "run_training.setup": {
            "total": 0.0999589,
            "count": 1,
            "self": 0.0999589
        },
        "TrainerController.start_learning": {
            "total": 39863.4466358,
            "count": 1,
            "self": 57.30172149738064,
            "children": {
                "TrainerController._reset_env": {
                    "total": 14.777992699999999,
                    "count": 1,
                    "self": 14.777992699999999
                },
                "TrainerController.advance": {
                    "total": 39791.24397770261,
                    "count": 2574946,
                    "self": 57.64319070221973,
                    "children": {
                        "env_step": {
                            "total": 37195.40536819875,
                            "count": 2574946,
                            "self": 34245.9098005966,
                            "children": {
                                "SubprocessEnvManager._take_step": {
                                    "total": 2912.1683282060208,
                                    "count": 2574946,
                                    "self": 126.23930150658134,
                                    "children": {
                                        "TorchPolicy.evaluate": {
                                            "total": 2785.9290266994394,
                                            "count": 2480834,
                                            "self": 676.1040503956478,
                                            "children": {
                                                "TorchPolicy.sample_actions": {
                                                    "total": 2109.8249763037916,
                                                    "count": 2480834,
                                                    "self": 2109.8249763037916
                                                }
                                            }
                                        }
                                    }
                                },
                                "workers": {
                                    "total": 37.32723939612707,